序号,动作温度,复位温度,规格,动作时间,复位时间
01,-,-,无产品,-,-
02,-,-,无产品,-,-
03,-,-,无产品,-,-
04,-,-,无产品,-,-
05,-,-,无产品,-,-
06,-,-,无产品,-,-
07,-,-,无产品,-,-
08,-,-,无产品,-,-
09,-,-,无产品,-,-
10,-,-,无产品,-,-
1A,-,-,无产品,-,-
1B,-,-,无产品,-,-
11,-,-,无产品,-,-
12,-,-,无产品,-,-
13,-,-,无产品,-,-
14,-,-,无产品,-,-
15,-,-,无产品,-,-
16,-,-,无产品,-,-
17,-,-,无产品,-,-
18,-,-,无产品,-,-
19,-,-,无产品,-,-
20,-,-,无产品,-,-
2A,-,-,无产品,-,-
2B,-,-,无产品,-,-
21,-,-,无产品,-,-
22,-,-,无产品,-,-
23,-,-,无产品,-,-
24,-,-,无产品,-,-
25,-,-,无产品,-,-
26,-,-,无产品,-,-
27,-,-,无产品,-,-
28,-,-,无产品,-,-
29,-,-,无产品,-,-
30,-,-,无产品,-,-
3A,-,-,无产品,-,-
3B,-,-,无产品,-,-
31,-,-,无产品,-,-
32,-,-,无产品,-,-
33,-,-,无产品,-,-
34,-,-,无产品,-,-
35,-,-,无产品,-,-
36,-,-,无产品,-,-
37,-,-,无产品,-,-
38,-,-,无产品,-,-
39,-,-,无产品,-,-
40,-,-,无产品,-,-
4A,-,-,无产品,-,-
4B,-,-,无产品,-,-
41,-,-,无产品,-,-
42,-,-,无产品,-,-
43,-,-,无产品,-,-
44,-,-,无产品,-,-
45,-,-,无产品,-,-
46,-,-,无产品,-,-
47,-,-,无产品,-,-
48,-,-,无产品,-,-
49,-,-,无产品,-,-
50,-,-,无产品,-,-
5A,-,-,无产品,-,-
5B,-,-,无产品,-,-
51,-,-,无产品,-,-
52,-,-,无产品,-,-
53,-,-,无产品,-,-
54,-,-,无产品,-,-
55,-,-,无产品,-,-
56,-,-,无产品,-,-
57,-,-,无产品,-,-
58,-,-,无产品,-,-
59,-,-,无产品,-,-
60,-,-,无产品,-,-
6A,-,-,无产品,-,-
6B,-,-,无产品,-,-
61,-,-,无产品,-,-
62,-,-,无产品,-,-
63,-,-,无产品,-,-
64,-,-,无产品,-,-
65,-,-,无产品,-,-
66,-,-,无产品,-,-
67,-,-,无产品,-,-
68,-,-,无产品,-,-
69,-,-,无产品,-,-
70,-,-,无产品,-,-
7A,-,-,无产品,-,-
7B,-,-,无产品,-,-
71,-,-,无产品,-,-
72,-,-,无产品,-,-
73,-,-,无产品,-,-
74,-,-,无产品,-,-
75,-,-,无产品,-,-
76,-,-,无产品,-,-
77,-,-,无产品,-,-
78,-,-,无产品,-,-
79,-,-,无产品,-,-
80,-,-,无产品,-,-
8A,-,-,无产品,-,-
8B,-,-,无产品,-,-
81,-,-,无产品,-,-
82,-,-,无产品,-,-
83,-,-,无产品,-,-
84,-,-,无产品,-,-
85,-,-,无产品,-,-
86,-,-,无产品,-,-
87,-,-,无产品,-,-
88,-,-,无产品,-,-
89,-,-,无产品,-,-
90,-,-,无产品,-,-
9A,-,-,无产品,-,-
9B,-,-,无产品,-,-
91,-,-,无产品,-,-
92,-,-,无产品,-,-
93,-,-,无产品,-,-
94,-,-,无产品,-,-
95,-,-,无产品,-,-
96,-,-,无产品,-,-
97,-,-,无产品,-,-
98,-,-,无产品,-,-
99,-,-,无产品,-,-
100,-,-,无产品,-,-
10A,-,-,无产品,-,-
10B,-,-,无产品,-,-
101,-,-,无产品,-,-
102,-,-,无产品,-,-
103,-,-,无产品,-,-
104,-,-,无产品,-,-
105,-,-,无产品,-,-
106,-,-,无产品,-,-
107,-,-,无产品,-,-
108,-,-,无产品,-,-
109,-,-,无产品,-,-
110,-,-,无产品,-,-
11A,-,-,无产品,-,-
11B,-,-,无产品,-,-
111,-,-,无产品,-,-
112,-,-,无产品,-,-
113,-,-,无产品,-,-
114,-,-,无产品,-,-
115,-,-,无产品,-,-
116,-,-,无产品,-,-
117,-,-,无产品,-,-
118,-,-,无产品,-,-
119,-,-,无产品,-,-
120,-,-,无产品,-,-
12A,-,-,无产品,-,-
12B,-,-,无产品,-,-
121,-,-,无产品,-,-
122,-,-,无产品,-,-
123,-,-,无产品,-,-
124,-,-,无产品,-,-
125,-,-,无产品,-,-
126,-,-,无产品,-,-
127,-,-,无产品,-,-
128,-,-,无产品,-,-
129,-,-,无产品,-,-
130,-,-,无产品,-,-
13A,-,-,无产品,-,-
13B,-,-,无产品,-,-
131,-,-,无产品,-,-
132,-,-,无产品,-,-
133,-,-,无产品,-,-
134,-,-,无产品,-,-
135,-,-,无产品,-,-
136,-,-,无产品,-,-
137,-,-,无产品,-,-
138,-,-,无产品,-,-
139,-,-,无产品,-,-
140,-,-,无产品,-,-
14A,-,-,无产品,-,-
14B,-,-,无产品,-,-
141,-,-,无产品,-,-
142,-,-,无产品,-,-
143,-,-,无产品,-,-
144,-,-,无产品,-,-
145,-,-,无产品,-,-
146,-,-,无产品,-,-
147,-,-,无产品,-,-
148,-,-,无产品,-,-
149,-,-,无产品,-,-
150,-,-,无产品,-,-
15A,-,-,无产品,-,-
15B,-,-,无产品,-,-
151,-,-,无产品,-,-
152,-,-,无产品,-,-
153,-,-,无产品,-,-
154,-,-,无产品,-,-
155,-,-,无产品,-,-
156,-,-,无产品,-,-
157,-,-,无产品,-,-
158,-,-,无产品,-,-
159,-,-,无产品,-,-
160,-,-,无产品,-,-
16A,-,-,无产品,-,-
16B,-,-,无产品,-,-
